env1,env1,env1,env1,env1,env1,env1,env2,env2,env2,env2,env2,env2,env2
,1.0,0.0,2.0,2.0,2.0,2.0,,1.0,0.0,0.0,2.0,2.0,2.0
,1.0,1.0,0.0,2.0,2.0,2.0,,1.0,0.0,0.0,0.0,2.0,2.0
,1.0,1.0,1.0,0.0,2.0,2.0,,1.0,0.0,0.0,0.0,0.0,2.0
,1.0,1.0,1.0,1.0,0.0,2.0,,1.0,1.0,0.0,0.0,0.0,0.0
,1.0,1.0,1.0,1.0,1.0,0.0,,1.0,0.0,1.0,0.0,0.0,0.0
,1.0,1.0,1.0,1.0,1.0,1.0,,1.0,1.0,1.0,0.0,0.0,0.0
,1.0,1.0,1.0,1.0,1.0,0.0,,1.0,1.0,1.0,1.0,0.0,0.0
,1.0,1.0,1.0,1.0,1.0,1.0,,1.0,1.0,1.0,1.0,0.0,0.0
,1.0,0.0,0.0,2.0,2.0,2.0,,1.0,0.0,0.0,2.0,2.0,2.0
,1.0,1.0,0.0,0.0,2.0,2.0,,1.0,0.0,0.0,0.0,2.0,2.0
,1.0,1.0,1.0,0.0,0.0,2.0,,1.0,0.0,1.0,0.0,0.0,2.0
,1.0,1.0,1.0,1.0,0.0,0.0,,1.0,0.0,1.0,1.0,0.0,0.0
,1.0,1.0,1.0,1.0,1.0,0.0,,1.0,0.0,0.0,1.0,1.0,0.0
,1.0,1.0,1.0,1.0,1.0,1.0,,1.0,0.0,1.0,0.0,1.0,1.0
,1.0,1.0,1.0,1.0,0.0,0.0,,1.0,0.0,1.0,1.0,0.0,0.0
,1.0,1.0,1.0,1.0,1.0,0.0,,1.0,0.0,1.0,1.0,0.0,0.0
,1.0,0.0,2.0,2.0,2.0,2.0,,1.0,0.0,0.0,2.0,2.0,2.0
,1.0,1.0,0.0,2.0,2.0,2.0,,1.0,0.0,0.0,0.0,2.0,2.0
,1.0,1.0,1.0,0.0,2.0,2.0,,1.0,0.0,1.0,0.0,0.0,2.0
,1.0,1.0,1.0,1.0,0.0,2.0,,1.0,0.0,1.0,1.0,0.0,0.0
,1.0,1.0,1.0,1.0,1.0,0.0,,1.0,1.0,1.0,0.0,1.0,0.0
,1.0,1.0,1.0,1.0,1.0,1.0,,1.0,0.0,1.0,1.0,0.0,0.0
,1.0,1.0,1.0,1.0,0.0,0.0,,1.0,0.0,1.0,1.0,0.0,0.0
,1.0,1.0,1.0,1.0,1.0,0.0,,1.0,1.0,1.0,1.0,0.0,0.0
,1.0,0.0,0.0,2.0,2.0,2.0,,1.0,0.0,0.0,2.0,2.0,2.0
,1.0,1.0,0.0,0.0,2.0,2.0,,1.0,0.0,0.0,0.0,2.0,2.0
,1.0,1.0,1.0,0.0,0.0,2.0,,1.0,0.0,1.0,0.0,0.0,2.0
,1.0,1.0,1.0,1.0,0.0,0.0,,1.0,0.0,0.0,0.0,0.0,0.0
,1.0,1.0,1.0,1.0,1.0,0.0,,1.0,0.0,1.0,0.0,0.0,0.0
,1.0,1.0,1.0,1.0,1.0,1.0,,1.0,0.0,0.0,0.0,0.0,0.0
,1.0,1.0,1.0,1.0,1.0,0.0,,1.0,0.0,1.0,0.0,0.0,0.0
,1.0,1.0,1.0,1.0,1.0,1.0,,1.0,0.0,0.0,0.0,0.0,0.0
,1.0,0.0,0.0,2.0,2.0,2.0,,1.0,0.0,0.0,2.0,2.0,2.0
,1.0,1.0,0.0,0.0,2.0,2.0,,1.0,0.0,0.0,0.0,2.0,2.0
,1.0,1.0,1.0,0.0,0.0,2.0,,1.0,0.0,1.0,0.0,0.0,2.0
,1.0,1.0,1.0,1.0,0.0,0.0,,1.0,0.0,0.0,1.0,0.0,0.0
,1.0,1.0,1.0,1.0,1.0,0.0,,1.0,0.0,1.0,0.0,0.0,0.0
,1.0,1.0,1.0,1.0,1.0,1.0,,1.0,1.0,1.0,1.0,0.0,1.0
,1.0,1.0,1.0,1.0,1.0,0.0,,1.0,0.0,1.0,1.0,1.0,0.0
,1.0,1.0,1.0,1.0,1.0,1.0,,1.0,1.0,1.0,1.0,0.0,0.0
,1.0,0.0,0.0,2.0,2.0,2.0,,1.0,0.0,0.0,2.0,2.0,2.0
,1.0,1.0,0.0,0.0,2.0,2.0,,1.0,0.0,0.0,0.0,2.0,2.0
,1.0,1.0,1.0,0.0,0.0,2.0,,1.0,0.0,1.0,0.0,0.0,2.0
,1.0,1.0,1.0,1.0,0.0,0.0,,1.0,0.0,0.0,1.0,0.0,0.0
,1.0,1.0,1.0,1.0,1.0,0.0,,1.0,0.0,1.0,0.0,0.0,0.0
,1.0,1.0,1.0,1.0,1.0,1.0,,1.0,0.0,0.0,1.0,0.0,0.0
,1.0,1.0,1.0,1.0,1.0,0.0,,1.0,0.0,1.0,0.0,0.0,0.0
,1.0,1.0,1.0,1.0,1.0,1.0,,1.0,0.0,0.0,1.0,0.0,0.0
,1.0,0.0,0.0,2.0,2.0,2.0,,1.0,0.0,0.0,2.0,2.0,2.0
,1.0,1.0,0.0,0.0,2.0,2.0,,1.0,0.0,0.0,0.0,2.0,2.0
,1.0,1.0,1.0,0.0,0.0,2.0,,1.0,0.0,1.0,0.0,0.0,2.0
,1.0,1.0,1.0,1.0,0.0,0.0,,1.0,0.0,0.0,1.0,0.0,0.0
,1.0,1.0,1.0,1.0,1.0,0.0,,1.0,0.0,1.0,0.0,1.0,0.0
,1.0,1.0,1.0,1.0,1.0,1.0,,1.0,1.0,1.0,1.0,0.0,1.0
,1.0,1.0,1.0,1.0,1.0,0.0,,1.0,0.0,1.0,1.0,1.0,0.0
,1.0,1.0,1.0,1.0,1.0,1.0,,1.0,1.0,1.0,1.0,0.0,0.0
,1.0,0.0,2.0,2.0,2.0,2.0,,1.0,0.0,0.0,2.0,2.0,2.0
,1.0,1.0,0.0,2.0,2.0,2.0,,1.0,0.0,0.0,0.0,2.0,2.0
,1.0,1.0,1.0,0.0,2.0,2.0,,1.0,0.0,1.0,0.0,0.0,2.0
,1.0,1.0,1.0,1.0,0.0,2.0,,1.0,1.0,0.0,0.0,0.0,0.0
,1.0,1.0,1.0,1.0,1.0,0.0,,1.0,1.0,1.0,1.0,0.0,0.0
,1.0,1.0,1.0,1.0,1.0,1.0,,1.0,1.0,1.0,1.0,0.0,0.0
,1.0,1.0,1.0,1.0,1.0,0.0,,1.0,1.0,1.0,1.0,1.0,0.0
,1.0,1.0,1.0,1.0,1.0,1.0,,1.0,1.0,1.0,1.0,0.0,0.0
,1.0,0.0,0.0,2.0,2.0,2.0,,1.0,0.0,0.0,2.0,2.0,2.0
,1.0,1.0,0.0,0.0,2.0,2.0,,1.0,0.0,0.0,0.0,2.0,2.0
,1.0,1.0,1.0,0.0,0.0,2.0,,1.0,0.0,1.0,0.0,0.0,2.0
,1.0,1.0,1.0,1.0,0.0,0.0,,1.0,0.0,1.0,1.0,0.0,0.0
,1.0,1.0,1.0,1.0,1.0,0.0,,1.0,0.0,0.0,1.0,1.0,0.0
,1.0,1.0,1.0,1.0,1.0,1.0,,1.0,0.0,1.0,0.0,1.0,1.0
,1.0,1.0,1.0,1.0,0.0,0.0,,1.0,0.0,1.0,1.0,0.0,0.0
,1.0,1.0,1.0,1.0,0.0,0.0,,1.0,0.0,0.0,1.0,0.0,0.0
,1.0,0.0,0.0,2.0,2.0,2.0,,1.0,0.0,0.0,2.0,2.0,2.0
,1.0,1.0,0.0,0.0,2.0,2.0,,1.0,0.0,0.0,0.0,2.0,2.0
,1.0,1.0,1.0,0.0,0.0,2.0,,1.0,0.0,1.0,0.0,0.0,2.0
,1.0,1.0,1.0,1.0,0.0,0.0,,1.0,1.0,0.0,1.0,0.0,0.0
,1.0,1.0,1.0,1.0,1.0,0.0,,1.0,0.0,1.0,0.0,0.0,0.0
,1.0,1.0,1.0,1.0,1.0,1.0,,1.0,1.0,1.0,1.0,0.0,0.0
,1.0,1.0,1.0,1.0,1.0,0.0,,1.0,0.0,1.0,1.0,0.0,0.0
,1.0,1.0,1.0,1.0,1.0,1.0,,1.0,1.0,1.0,1.0,0.0,0.0
,1.0,0.0,2.0,2.0,2.0,2.0,,1.0,0.0,0.0,2.0,2.0,2.0
,1.0,1.0,0.0,2.0,2.0,2.0,,1.0,0.0,0.0,0.0,2.0,2.0
,1.0,1.0,1.0,0.0,2.0,2.0,,1.0,0.0,1.0,0.0,0.0,2.0
,1.0,1.0,1.0,1.0,0.0,2.0,,1.0,0.0,1.0,1.0,0.0,0.0
,1.0,1.0,1.0,1.0,1.0,0.0,,1.0,1.0,1.0,0.0,1.0,0.0
,1.0,1.0,1.0,1.0,1.0,1.0,,1.0,0.0,1.0,1.0,0.0,0.0
,1.0,1.0,1.0,1.0,0.0,0.0,,1.0,0.0,1.0,1.0,0.0,0.0
,1.0,1.0,1.0,1.0,1.0,0.0,,1.0,1.0,1.0,0.0,0.0,0.0
,1.0,0.0,0.0,2.0,2.0,2.0,,1.0,0.0,0.0,2.0,2.0,2.0
,1.0,1.0,0.0,0.0,2.0,2.0,,1.0,0.0,0.0,0.0,2.0,2.0
,1.0,1.0,1.0,0.0,0.0,2.0,,1.0,0.0,1.0,0.0,0.0,2.0
,1.0,1.0,1.0,1.0,0.0,0.0,,1.0,0.0,0.0,0.0,0.0,0.0
,1.0,1.0,1.0,1.0,1.0,0.0,,1.0,0.0,1.0,0.0,0.0,0.0
,1.0,1.0,1.0,1.0,1.0,1.0,,1.0,0.0,0.0,0.0,0.0,0.0
,1.0,1.0,1.0,1.0,1.0,0.0,,1.0,0.0,1.0,0.0,0.0,0.0
,1.0,1.0,1.0,1.0,1.0,1.0,,1.0,0.0,0.0,0.0,0.0,0.0
,1.0,0.0,0.0,2.0,2.0,2.0,,1.0,0.0,0.0,2.0,2.0,2.0
,1.0,1.0,0.0,0.0,2.0,2.0,,1.0,0.0,0.0,0.0,2.0,2.0
,1.0,1.0,1.0,0.0,0.0,2.0,,1.0,0.0,1.0,0.0,0.0,2.0
,1.0,1.0,1.0,1.0,0.0,0.0,,1.0,0.0,1.0,1.0,0.0,0.0
,1.0,1.0,1.0,1.0,1.0,0.0,,1.0,0.0,0.0,0.0,1.0,0.0
,1.0,1.0,1.0,1.0,1.0,1.0,,1.0,0.0,1.0,0.0,0.0,0.0
,1.0,1.0,1.0,1.0,0.0,0.0,,1.0,0.0,1.0,1.0,0.0,0.0
,1.0,1.0,1.0,1.0,1.0,0.0,,1.0,0.0,1.0,0.0,0.0,0.0
,1.0,0.0,0.0,2.0,2.0,2.0,,1.0,0.0,0.0,2.0,2.0,2.0
,1.0,1.0,0.0,0.0,2.0,2.0,,1.0,0.0,0.0,0.0,2.0,2.0
,1.0,1.0,1.0,0.0,0.0,2.0,,1.0,0.0,1.0,0.0,0.0,2.0
,1.0,1.0,1.0,1.0,0.0,0.0,,1.0,0.0,0.0,1.0,0.0,0.0
,1.0,1.0,1.0,1.0,1.0,0.0,,1.0,0.0,1.0,0.0,0.0,0.0
,1.0,1.0,1.0,1.0,1.0,1.0,,1.0,0.0,0.0,1.0,0.0,1.0
,1.0,1.0,1.0,1.0,1.0,0.0,,1.0,0.0,1.0,0.0,1.0,0.0
,1.0,1.0,1.0,1.0,1.0,1.0,,1.0,1.0,1.0,1.0,0.0,0.0
,1.0,0.0,2.0,2.0,2.0,2.0,,1.0,0.0,0.0,2.0,2.0,2.0
,1.0,1.0,0.0,2.0,2.0,2.0,,1.0,0.0,0.0,0.0,2.0,2.0
,1.0,1.0,1.0,0.0,2.0,2.0,,1.0,0.0,1.0,0.0,0.0,2.0
,1.0,1.0,1.0,1.0,0.0,2.0,,1.0,0.0,1.0,1.0,0.0,0.0
,1.0,1.0,1.0,1.0,1.0,0.0,,1.0,1.0,1.0,0.0,1.0,0.0
,1.0,1.0,1.0,1.0,1.0,1.0,,1.0,0.0,1.0,1.0,0.0,1.0
,1.0,1.0,1.0,1.0,1.0,0.0,,1.0,0.0,1.0,1.0,0.0,0.0
,1.0,1.0,1.0,1.0,1.0,1.0,,1.0,1.0,1.0,1.0,0.0,0.0
,1.0,0.0,0.0,2.0,2.0,2.0,,1.0,0.0,0.0,2.0,2.0,2.0
,1.0,1.0,0.0,0.0,2.0,2.0,,1.0,0.0,0.0,0.0,2.0,2.0
,1.0,1.0,1.0,0.0,0.0,2.0,,1.0,0.0,1.0,0.0,0.0,2.0
,1.0,1.0,1.0,1.0,0.0,0.0,,1.0,0.0,1.0,1.0,0.0,0.0
,1.0,1.0,1.0,1.0,1.0,0.0,,1.0,0.0,0.0,1.0,0.0,0.0
,1.0,1.0,1.0,1.0,1.0,1.0,,1.0,0.0,1.0,0.0,0.0,0.0
,1.0,1.0,1.0,1.0,0.0,0.0,,1.0,0.0,1.0,1.0,0.0,0.0
,1.0,1.0,1.0,1.0,1.0,0.0,,1.0,0.0,0.0,1.0,0.0,0.0
,1.0,0.0,0.0,2.0,2.0,2.0,,1.0,0.0,0.0,2.0,2.0,2.0
,1.0,1.0,0.0,0.0,2.0,2.0,,1.0,0.0,0.0,0.0,2.0,2.0
,1.0,1.0,1.0,0.0,0.0,2.0,,1.0,0.0,1.0,0.0,0.0,2.0
,1.0,1.0,1.0,1.0,0.0,0.0,,1.0,1.0,0.0,0.0,0.0,0.0
,1.0,1.0,1.0,1.0,1.0,0.0,,1.0,0.0,1.0,0.0,0.0,0.0
,1.0,1.0,1.0,1.0,1.0,1.0,,1.0,1.0,1.0,1.0,0.0,0.0
,1.0,1.0,1.0,1.0,1.0,0.0,,1.0,0.0,1.0,1.0,1.0,0.0
,1.0,1.0,1.0,1.0,1.0,1.0,,1.0,1.0,1.0,1.0,0.0,0.0
,1.0,0.0,2.0,2.0,2.0,2.0,,1.0,0.0,0.0,2.0,2.0,2.0
,1.0,1.0,0.0,2.0,2.0,2.0,,1.0,0.0,0.0,0.0,2.0,2.0
,1.0,1.0,1.0,0.0,2.0,2.0,,1.0,0.0,1.0,0.0,0.0,2.0
,1.0,1.0,1.0,1.0,0.0,2.0,,1.0,0.0,1.0,1.0,0.0,0.0
,1.0,1.0,1.0,1.0,1.0,0.0,,1.0,0.0,1.0,0.0,1.0,0.0
,1.0,1.0,1.0,1.0,1.0,1.0,,1.0,0.0,1.0,0.0,0.0,0.0
,1.0,1.0,1.0,1.0,0.0,0.0,,1.0,0.0,1.0,1.0,0.0,0.0
,1.0,1.0,1.0,1.0,1.0,0.0,,1.0,1.0,1.0,0.0,0.0,0.0
,1.0,0.0,2.0,2.0,2.0,2.0,,1.0,0.0,0.0,2.0,2.0,2.0
,1.0,1.0,0.0,2.0,2.0,2.0,,1.0,0.0,0.0,0.0,2.0,2.0
,1.0,1.0,1.0,0.0,2.0,2.0,,1.0,0.0,0.0,0.0,0.0,2.0
,1.0,1.0,1.0,1.0,0.0,2.0,,1.0,0.0,0.0,1.0,0.0,0.0
,1.0,1.0,1.0,1.0,1.0,0.0,,1.0,0.0,0.0,0.0,0.0,0.0
,1.0,1.0,1.0,1.0,1.0,1.0,,1.0,0.0,1.0,0.0,0.0,0.0
,1.0,1.0,1.0,1.0,1.0,0.0,,1.0,0.0,1.0,1.0,0.0,0.0
,1.0,1.0,1.0,1.0,1.0,1.0,,1.0,1.0,0.0,0.0,0.0,0.0
,1.0,0.0,2.0,2.0,2.0,2.0,,1.0,0.0,0.0,2.0,2.0,2.0
,1.0,1.0,0.0,2.0,2.0,2.0,,1.0,0.0,0.0,0.0,2.0,2.0
,1.0,1.0,1.0,0.0,2.0,2.0,,1.0,0.0,1.0,0.0,0.0,2.0
,1.0,1.0,1.0,1.0,0.0,2.0,,1.0,0.0,1.0,1.0,0.0,0.0
,1.0,1.0,1.0,1.0,1.0,0.0,,1.0,0.0,1.0,1.0,1.0,0.0
,1.0,1.0,1.0,1.0,1.0,1.0,,1.0,0.0,1.0,1.0,0.0,1.0
,1.0,1.0,1.0,1.0,1.0,0.0,,1.0,0.0,1.0,1.0,0.0,0.0
,1.0,1.0,1.0,1.0,1.0,1.0,,1.0,1.0,1.0,1.0,0.0,0.0
,1.0,0.0,2.0,2.0,2.0,2.0,,1.0,0.0,0.0,2.0,2.0,2.0
,1.0,1.0,0.0,2.0,2.0,2.0,,1.0,0.0,0.0,0.0,2.0,2.0
,1.0,1.0,1.0,0.0,2.0,2.0,,1.0,0.0,1.0,0.0,0.0,2.0
,1.0,1.0,1.0,1.0,0.0,2.0,,1.0,1.0,0.0,0.0,0.0,0.0
,1.0,1.0,1.0,1.0,1.0,0.0,,1.0,1.0,1.0,1.0,0.0,0.0
,1.0,1.0,1.0,1.0,1.0,1.0,,1.0,1.0,1.0,0.0,0.0,0.0
,1.0,1.0,1.0,1.0,1.0,0.0,,1.0,1.0,1.0,1.0,0.0,0.0
,1.0,1.0,1.0,1.0,1.0,0.0,,1.0,1.0,1.0,1.0,0.0,0.0
,1.0,0.0,0.0,2.0,2.0,2.0,,1.0,0.0,0.0,2.0,2.0,2.0
,1.0,1.0,0.0,0.0,2.0,2.0,,1.0,0.0,0.0,0.0,2.0,2.0
,1.0,1.0,1.0,0.0,0.0,2.0,,1.0,0.0,0.0,0.0,0.0,2.0
,1.0,1.0,1.0,1.0,0.0,0.0,,1.0,0.0,0.0,1.0,0.0,0.0
,1.0,1.0,1.0,1.0,1.0,0.0,,1.0,0.0,0.0,0.0,0.0,0.0
,1.0,1.0,1.0,1.0,1.0,1.0,,1.0,0.0,1.0,0.0,0.0,0.0
,1.0,1.0,1.0,1.0,0.0,0.0,,1.0,0.0,0.0,1.0,0.0,0.0
,1.0,1.0,1.0,1.0,1.0,0.0,,1.0,0.0,0.0,0.0,0.0,0.0
,1.0,0.0,0.0,2.0,2.0,2.0,,1.0,0.0,0.0,2.0,2.0,2.0
,1.0,1.0,0.0,0.0,2.0,2.0,,1.0,0.0,0.0,0.0,2.0,2.0
,1.0,1.0,1.0,0.0,0.0,2.0,,1.0,0.0,1.0,0.0,0.0,2.0
,1.0,1.0,1.0,1.0,0.0,0.0,,1.0,0.0,1.0,1.0,0.0,0.0
,1.0,1.0,1.0,1.0,1.0,0.0,,1.0,0.0,1.0,1.0,1.0,0.0
,1.0,1.0,1.0,1.0,1.0,1.0,,1.0,0.0,1.0,0.0,1.0,1.0
,1.0,1.0,1.0,1.0,0.0,0.0,,1.0,0.0,1.0,1.0,0.0,0.0
,1.0,1.0,1.0,1.0,1.0,0.0,,1.0,0.0,1.0,1.0,0.0,0.0
,1.0,0.0,0.0,2.0,2.0,2.0,,1.0,0.0,0.0,2.0,2.0,2.0
,1.0,1.0,0.0,0.0,2.0,2.0,,1.0,0.0,0.0,0.0,2.0,2.0
,1.0,1.0,1.0,0.0,0.0,2.0,,1.0,0.0,0.0,0.0,0.0,2.0
,1.0,1.0,1.0,1.0,0.0,0.0,,1.0,0.0,0.0,0.0,0.0,0.0
,1.0,1.0,1.0,1.0,1.0,0.0,,1.0,0.0,0.0,0.0,0.0,0.0
,1.0,1.0,1.0,1.0,1.0,1.0,,1.0,0.0,0.0,0.0,0.0,0.0
,1.0,1.0,1.0,1.0,1.0,0.0,,1.0,0.0,1.0,0.0,0.0,0.0
,1.0,1.0,1.0,1.0,1.0,1.0,,1.0,0.0,0.0,0.0,0.0,0.0
,1.0,0.0,2.0,2.0,2.0,2.0,,1.0,0.0,0.0,2.0,2.0,2.0
,1.0,1.0,0.0,2.0,2.0,2.0,,1.0,0.0,0.0,0.0,2.0,2.0
,1.0,1.0,1.0,0.0,2.0,2.0,,1.0,0.0,0.0,0.0,0.0,2.0
,1.0,1.0,1.0,1.0,0.0,2.0,,1.0,1.0,0.0,0.0,0.0,0.0
,1.0,1.0,1.0,1.0,1.0,0.0,,1.0,0.0,1.0,0.0,0.0,0.0
,1.0,1.0,1.0,1.0,1.0,1.0,,1.0,1.0,1.0,0.0,0.0,0.0
,1.0,1.0,1.0,1.0,1.0,0.0,,1.0,1.0,1.0,1.0,0.0,0.0
,1.0,1.0,1.0,1.0,1.0,1.0,,1.0,1.0,1.0,1.0,0.0,0.0
,1.0,0.0,0.0,2.0,2.0,2.0,,1.0,0.0,2.0,2.0,2.0,2.0
,1.0,1.0,0.0,0.0,2.0,2.0,,1.0,0.0,0.0,2.0,2.0,2.0
,1.0,1.0,1.0,0.0,0.0,2.0,,1.0,0.0,1.0,0.0,2.0,2.0
,1.0,1.0,1.0,1.0,0.0,0.0,,1.0,0.0,1.0,1.0,0.0,2.0
,1.0,1.0,1.0,1.0,1.0,0.0,,1.0,0.0,0.0,1.0,1.0,0.0
,1.0,1.0,1.0,1.0,1.0,1.0,,1.0,0.0,1.0,0.0,1.0,1.0
,1.0,1.0,1.0,1.0,0.0,0.0,,1.0,0.0,1.0,1.0,0.0,0.0
,1.0,1.0,1.0,1.0,1.0,0.0,,1.0,0.0,1.0,1.0,0.0,0.0
,1.0,0.0,2.0,2.0,2.0,2.0,,1.0,0.0,0.0,2.0,2.0,2.0
,1.0,1.0,0.0,2.0,2.0,2.0,,1.0,0.0,0.0,0.0,2.0,2.0
,1.0,1.0,1.0,0.0,2.0,2.0,,1.0,0.0,1.0,0.0,0.0,2.0
,1.0,1.0,1.0,1.0,0.0,2.0,,1.0,0.0,1.0,1.0,0.0,0.0
,1.0,1.0,1.0,1.0,1.0,0.0,,1.0,1.0,1.0,0.0,1.0,0.0
,1.0,1.0,1.0,1.0,1.0,1.0,,1.0,0.0,1.0,0.0,0.0,0.0
,1.0,1.0,1.0,1.0,0.0,0.0,,1.0,0.0,1.0,1.0,0.0,0.0
,1.0,1.0,1.0,1.0,1.0,0.0,,1.0,1.0,1.0,0.0,0.0,0.0
,1.0,0.0,2.0,2.0,2.0,2.0,,1.0,0.0,0.0,2.0,2.0,2.0
,1.0,1.0,0.0,2.0,2.0,2.0,,1.0,0.0,0.0,0.0,2.0,2.0
,1.0,1.0,1.0,0.0,2.0,2.0,,1.0,0.0,1.0,0.0,0.0,2.0
,1.0,1.0,1.0,1.0,0.0,2.0,,1.0,1.0,0.0,0.0,0.0,0.0
,1.0,1.0,1.0,1.0,1.0,0.0,,1.0,1.0,1.0,1.0,0.0,0.0
,1.0,1.0,1.0,1.0,1.0,1.0,,1.0,1.0,1.0,1.0,0.0,0.0
,1.0,1.0,1.0,1.0,1.0,0.0,,1.0,1.0,1.0,1.0,1.0,0.0
,1.0,1.0,1.0,1.0,1.0,1.0,,1.0,1.0,1.0,1.0,0.0,0.0
,1.0,0.0,2.0,2.0,2.0,2.0,,1.0,0.0,0.0,2.0,2.0,2.0
,1.0,1.0,0.0,2.0,2.0,2.0,,1.0,0.0,0.0,0.0,2.0,2.0
,1.0,1.0,1.0,0.0,2.0,2.0,,1.0,0.0,1.0,0.0,0.0,2.0
,1.0,1.0,1.0,1.0,0.0,2.0,,1.0,1.0,0.0,0.0,0.0,0.0
,1.0,1.0,1.0,1.0,1.0,0.0,,1.0,0.0,1.0,0.0,0.0,0.0
,1.0,1.0,1.0,1.0,1.0,1.0,,1.0,1.0,1.0,0.0,0.0,0.0
,1.0,1.0,1.0,1.0,1.0,0.0,,1.0,1.0,1.0,1.0,0.0,0.0
,1.0,1.0,1.0,1.0,1.0,0.0,,1.0,1.0,1.0,1.0,0.0,0.0
,1.0,0.0,0.0,2.0,2.0,2.0,,1.0,0.0,0.0,2.0,2.0,2.0
,1.0,1.0,0.0,0.0,2.0,2.0,,1.0,0.0,0.0,0.0,2.0,2.0
,1.0,1.0,1.0,0.0,0.0,2.0,,1.0,0.0,1.0,0.0,0.0,2.0
,1.0,1.0,1.0,1.0,0.0,0.0,,1.0,0.0,1.0,1.0,0.0,0.0
,1.0,1.0,1.0,1.0,1.0,0.0,,1.0,0.0,0.0,1.0,1.0,0.0
,1.0,1.0,1.0,1.0,1.0,1.0,,1.0,0.0,1.0,0.0,0.0,1.0
,1.0,1.0,1.0,1.0,0.0,0.0,,1.0,0.0,1.0,1.0,0.0,0.0
,1.0,1.0,1.0,1.0,1.0,0.0,,1.0,0.0,0.0,1.0,0.0,0.0
,1.0,0.0,2.0,2.0,2.0,2.0,,1.0,0.0,0.0,2.0,2.0,2.0
,1.0,1.0,0.0,2.0,2.0,2.0,,1.0,0.0,0.0,0.0,2.0,2.0
,1.0,1.0,1.0,0.0,2.0,2.0,,1.0,0.0,0.0,0.0,0.0,2.0
,1.0,1.0,1.0,1.0,0.0,2.0,,1.0,0.0,0.0,0.0,0.0,0.0
,1.0,1.0,1.0,1.0,1.0,0.0,,1.0,0.0,0.0,0.0,0.0,0.0
,1.0,1.0,1.0,1.0,1.0,1.0,,1.0,0.0,0.0,0.0,0.0,0.0
,1.0,1.0,1.0,1.0,1.0,0.0,,1.0,0.0,0.0,0.0,0.0,0.0
,1.0,1.0,1.0,1.0,1.0,1.0,,1.0,0.0,0.0,0.0,0.0,0.0
,1.0,0.0,0.0,2.0,2.0,2.0,,1.0,0.0,0.0,2.0,2.0,2.0
,1.0,1.0,0.0,0.0,2.0,2.0,,1.0,0.0,0.0,0.0,2.0,2.0
,1.0,1.0,1.0,0.0,0.0,2.0,,1.0,0.0,1.0,0.0,0.0,2.0
,1.0,1.0,1.0,1.0,0.0,0.0,,1.0,0.0,1.0,1.0,0.0,0.0
,1.0,1.0,1.0,1.0,1.0,0.0,,1.0,0.0,0.0,1.0,1.0,0.0
,1.0,1.0,1.0,1.0,1.0,1.0,,1.0,0.0,1.0,0.0,0.0,1.0
,1.0,1.0,1.0,1.0,0.0,0.0,,1.0,0.0,1.0,1.0,0.0,0.0
,1.0,1.0,1.0,1.0,1.0,0.0,,1.0,0.0,1.0,1.0,0.0,0.0
,1.0,0.0,2.0,2.0,2.0,2.0,,1.0,0.0,0.0,2.0,2.0,2.0
,1.0,1.0,0.0,2.0,2.0,2.0,,1.0,0.0,0.0,0.0,2.0,2.0
,1.0,1.0,1.0,0.0,2.0,2.0,,1.0,0.0,1.0,0.0,0.0,2.0
,1.0,1.0,1.0,1.0,0.0,2.0,,1.0,1.0,0.0,0.0,0.0,0.0
,1.0,1.0,1.0,1.0,1.0,0.0,,1.0,0.0,1.0,0.0,0.0,0.0
,1.0,1.0,1.0,1.0,1.0,1.0,,1.0,1.0,1.0,0.0,0.0,0.0
,1.0,1.0,1.0,1.0,1.0,0.0,,1.0,1.0,1.0,1.0,1.0,0.0
,1.0,1.0,1.0,1.0,1.0,0.0,,1.0,1.0,1.0,1.0,0.0,0.0
,1.0,0.0,2.0,2.0,2.0,2.0,,1.0,0.0,0.0,2.0,2.0,2.0
,1.0,1.0,0.0,2.0,2.0,2.0,,1.0,0.0,0.0,0.0,2.0,2.0
,1.0,1.0,1.0,0.0,2.0,2.0,,1.0,0.0,1.0,0.0,0.0,2.0
,1.0,1.0,1.0,1.0,0.0,2.0,,1.0,0.0,1.0,1.0,0.0,0.0
,1.0,1.0,1.0,1.0,1.0,0.0,,1.0,0.0,1.0,0.0,1.0,0.0
,1.0,1.0,1.0,1.0,1.0,1.0,,1.0,0.0,1.0,0.0,0.0,0.0
,1.0,1.0,1.0,1.0,0.0,0.0,,1.0,0.0,1.0,1.0,0.0,0.0
,1.0,1.0,1.0,1.0,1.0,0.0,,1.0,0.0,1.0,0.0,0.0,0.0
,1.0,0.0,2.0,2.0,2.0,2.0,,1.0,0.0,0.0,2.0,2.0,2.0
,1.0,1.0,0.0,2.0,2.0,2.0,,1.0,0.0,0.0,0.0,2.0,2.0
,1.0,1.0,1.0,0.0,2.0,2.0,,1.0,0.0,1.0,0.0,0.0,2.0
,1.0,1.0,1.0,1.0,0.0,2.0,,1.0,0.0,1.0,1.0,0.0,0.0
,1.0,1.0,1.0,1.0,1.0,0.0,,1.0,1.0,0.0,0.0,1.0,0.0
,1.0,1.0,1.0,1.0,1.0,1.0,,1.0,1.0,1.0,1.0,0.0,0.0
,1.0,1.0,1.0,1.0,0.0,0.0,,1.0,1.0,1.0,1.0,0.0,0.0
,1.0,1.0,1.0,1.0,1.0,0.0,,1.0,1.0,0.0,0.0,0.0,0.0
,1.0,0.0,2.0,2.0,2.0,2.0,,1.0,0.0,0.0,2.0,2.0,2.0
,1.0,1.0,0.0,2.0,2.0,2.0,,1.0,0.0,0.0,0.0,2.0,2.0
,1.0,1.0,1.0,0.0,2.0,2.0,,1.0,0.0,1.0,0.0,0.0,2.0
,1.0,1.0,1.0,1.0,0.0,2.0,,1.0,1.0,0.0,0.0,0.0,0.0
,1.0,1.0,1.0,1.0,1.0,0.0,,1.0,1.0,1.0,1.0,0.0,0.0
,1.0,1.0,1.0,1.0,1.0,1.0,,1.0,1.0,1.0,1.0,0.0,0.0
,1.0,1.0,1.0,1.0,1.0,0.0,,1.0,1.0,1.0,1.0,1.0,0.0
,1.0,1.0,1.0,1.0,1.0,1.0,,1.0,1.0,1.0,1.0,0.0,0.0
,1.0,0.0,2.0,2.0,2.0,2.0,,1.0,0.0,0.0,2.0,2.0,2.0
,1.0,1.0,0.0,2.0,2.0,2.0,,1.0,0.0,0.0,0.0,2.0,2.0
,1.0,1.0,1.0,0.0,2.0,2.0,,1.0,0.0,1.0,0.0,0.0,2.0
,1.0,1.0,1.0,1.0,0.0,2.0,,1.0,1.0,0.0,0.0,0.0,0.0
,1.0,1.0,1.0,1.0,1.0,0.0,,1.0,0.0,1.0,0.0,0.0,0.0
,1.0,1.0,1.0,1.0,1.0,1.0,,1.0,1.0,1.0,0.0,0.0,0.0
,1.0,1.0,1.0,1.0,1.0,0.0,,1.0,1.0,1.0,1.0,1.0,0.0
,1.0,1.0,1.0,1.0,1.0,1.0,,1.0,1.0,1.0,1.0,0.0,0.0
,1.0,0.0,0.0,2.0,2.0,2.0,,1.0,0.0,2.0,2.0,2.0,2.0
,1.0,1.0,0.0,0.0,2.0,2.0,,1.0,0.0,0.0,2.0,2.0,2.0
,1.0,1.0,1.0,0.0,0.0,2.0,,1.0,0.0,1.0,0.0,2.0,2.0
,1.0,1.0,1.0,1.0,0.0,0.0,,1.0,0.0,1.0,1.0,0.0,2.0
,1.0,1.0,1.0,1.0,1.0,0.0,,1.0,0.0,1.0,1.0,1.0,0.0
,1.0,1.0,1.0,1.0,1.0,1.0,,1.0,0.0,1.0,0.0,1.0,1.0
,1.0,1.0,1.0,1.0,0.0,0.0,,1.0,0.0,1.0,1.0,0.0,0.0
,1.0,1.0,1.0,1.0,1.0,0.0,,1.0,0.0,1.0,0.0,1.0,0.0
,1.0,0.0,2.0,2.0,2.0,2.0,,1.0,0.0,0.0,2.0,2.0,2.0
,1.0,1.0,0.0,2.0,2.0,2.0,,1.0,0.0,0.0,0.0,2.0,2.0
,1.0,1.0,1.0,0.0,2.0,2.0,,1.0,0.0,1.0,0.0,0.0,2.0
,1.0,1.0,1.0,1.0,0.0,2.0,,1.0,1.0,0.0,0.0,0.0,0.0
,1.0,1.0,1.0,1.0,1.0,0.0,,1.0,0.0,1.0,1.0,0.0,0.0
,1.0,1.0,1.0,1.0,1.0,1.0,,1.0,1.0,1.0,1.0,0.0,0.0
,1.0,1.0,1.0,1.0,1.0,0.0,,1.0,1.0,1.0,1.0,1.0,0.0
,1.0,1.0,1.0,1.0,1.0,1.0,,1.0,1.0,1.0,1.0,0.0,0.0
,1.0,0.0,0.0,2.0,2.0,2.0,,1.0,0.0,2.0,2.0,2.0,2.0
,1.0,1.0,0.0,0.0,2.0,2.0,,1.0,0.0,0.0,2.0,2.0,2.0
,1.0,1.0,1.0,0.0,0.0,2.0,,1.0,0.0,1.0,0.0,2.0,2.0
,1.0,1.0,1.0,1.0,0.0,0.0,,1.0,0.0,0.0,1.0,0.0,2.0
,1.0,1.0,1.0,1.0,1.0,0.0,,1.0,0.0,1.0,0.0,1.0,0.0
,1.0,1.0,1.0,1.0,1.0,1.0,,1.0,0.0,0.0,1.0,0.0,1.0
,1.0,1.0,1.0,1.0,1.0,0.0,,1.0,0.0,1.0,0.0,1.0,0.0
,1.0,1.0,1.0,1.0,1.0,1.0,,1.0,0.0,0.0,1.0,0.0,0.0
,1.0,0.0,2.0,2.0,2.0,2.0,,1.0,0.0,0.0,2.0,2.0,2.0
,1.0,1.0,0.0,2.0,2.0,2.0,,1.0,0.0,0.0,0.0,2.0,2.0
,1.0,1.0,1.0,0.0,2.0,2.0,,1.0,0.0,1.0,0.0,0.0,2.0
,1.0,1.0,1.0,1.0,0.0,2.0,,1.0,0.0,1.0,1.0,0.0,0.0
,1.0,1.0,1.0,1.0,1.0,0.0,,1.0,1.0,1.0,0.0,1.0,0.0
,1.0,1.0,1.0,1.0,1.0,1.0,,1.0,0.0,1.0,1.0,0.0,0.0
,1.0,1.0,1.0,1.0,0.0,0.0,,1.0,0.0,1.0,1.0,0.0,0.0
,1.0,1.0,1.0,1.0,1.0,0.0,,1.0,1.0,1.0,0.0,0.0,0.0
,1.0,0.0,0.0,2.0,2.0,2.0,,1.0,0.0,0.0,2.0,2.0,2.0
,1.0,1.0,0.0,0.0,2.0,2.0,,1.0,0.0,0.0,0.0,2.0,2.0
,1.0,1.0,1.0,0.0,0.0,2.0,,1.0,0.0,1.0,0.0,0.0,2.0
,1.0,1.0,1.0,1.0,0.0,0.0,,1.0,0.0,1.0,1.0,0.0,0.0
,1.0,1.0,1.0,1.0,1.0,0.0,,1.0,0.0,0.0,1.0,0.0,0.0
,1.0,1.0,1.0,1.0,1.0,1.0,,1.0,0.0,1.0,0.0,0.0,0.0
,1.0,1.0,1.0,1.0,0.0,0.0,,1.0,0.0,1.0,1.0,0.0,0.0
,1.0,1.0,1.0,1.0,1.0,0.0,,1.0,0.0,0.0,0.0,0.0,0.0
,1.0,0.0,0.0,2.0,2.0,2.0,,1.0,0.0,0.0,2.0,2.0,2.0
,1.0,1.0,0.0,0.0,2.0,2.0,,1.0,0.0,0.0,0.0,2.0,2.0
,1.0,1.0,1.0,0.0,0.0,2.0,,1.0,0.0,1.0,0.0,0.0,2.0
,1.0,1.0,1.0,1.0,0.0,0.0,,1.0,0.0,1.0,1.0,0.0,0.0
,1.0,1.0,1.0,1.0,1.0,0.0,,1.0,0.0,0.0,1.0,1.0,0.0
,1.0,1.0,1.0,1.0,1.0,1.0,,1.0,0.0,1.0,0.0,0.0,1.0
,1.0,1.0,1.0,1.0,0.0,0.0,,1.0,0.0,1.0,1.0,0.0,0.0
,1.0,1.0,1.0,1.0,1.0,0.0,,1.0,0.0,1.0,1.0,0.0,0.0
,1.0,0.0,2.0,2.0,2.0,2.0,,1.0,0.0,0.0,2.0,2.0,2.0
,1.0,1.0,0.0,2.0,2.0,2.0,,1.0,0.0,0.0,0.0,2.0,2.0
,1.0,1.0,1.0,0.0,2.0,2.0,,1.0,0.0,1.0,0.0,0.0,2.0
,1.0,1.0,1.0,1.0,0.0,2.0,,1.0,1.0,0.0,0.0,0.0,0.0
,1.0,1.0,1.0,1.0,1.0,0.0,,1.0,0.0,1.0,0.0,0.0,0.0
,1.0,1.0,1.0,1.0,1.0,1.0,,1.0,1.0,1.0,0.0,0.0,0.0
,1.0,1.0,1.0,1.0,1.0,0.0,,1.0,1.0,1.0,1.0,0.0,0.0
,1.0,1.0,1.0,1.0,1.0,1.0,,1.0,1.0,1.0,1.0,0.0,0.0
,1.0,0.0,2.0,2.0,2.0,2.0,,1.0,0.0,0.0,2.0,2.0,2.0
,1.0,1.0,0.0,2.0,2.0,2.0,,1.0,0.0,0.0,0.0,2.0,2.0
,1.0,1.0,1.0,0.0,2.0,2.0,,1.0,0.0,1.0,0.0,0.0,2.0
,1.0,1.0,1.0,1.0,0.0,2.0,,1.0,1.0,0.0,0.0,0.0,0.0
,1.0,1.0,1.0,1.0,1.0,0.0,,1.0,1.0,1.0,1.0,0.0,0.0
,1.0,1.0,1.0,1.0,1.0,1.0,,1.0,1.0,1.0,1.0,0.0,0.0
,1.0,1.0,1.0,1.0,1.0,0.0,,1.0,1.0,1.0,1.0,1.0,0.0
,1.0,1.0,1.0,1.0,1.0,1.0,,1.0,1.0,1.0,1.0,0.0,0.0
,1.0,0.0,0.0,2.0,2.0,2.0,,1.0,0.0,2.0,2.0,2.0,2.0
,1.0,1.0,0.0,0.0,2.0,2.0,,1.0,0.0,0.0,2.0,2.0,2.0
,1.0,1.0,1.0,0.0,0.0,2.0,,1.0,0.0,1.0,0.0,2.0,2.0
,1.0,1.0,1.0,1.0,0.0,0.0,,1.0,0.0,1.0,1.0,0.0,2.0
,1.0,1.0,1.0,1.0,1.0,0.0,,1.0,0.0,0.0,1.0,1.0,0.0
,1.0,1.0,1.0,1.0,1.0,1.0,,1.0,0.0,1.0,0.0,1.0,1.0
,1.0,1.0,1.0,1.0,0.0,0.0,,1.0,0.0,1.0,1.0,0.0,0.0
,1.0,1.0,1.0,1.0,1.0,0.0,,1.0,0.0,1.0,0.0,0.0,0.0
,1.0,0.0,2.0,2.0,2.0,2.0,,1.0,0.0,0.0,2.0,2.0,2.0
,1.0,1.0,0.0,2.0,2.0,2.0,,1.0,0.0,0.0,0.0,2.0,2.0
,1.0,1.0,1.0,0.0,2.0,2.0,,1.0,0.0,1.0,0.0,0.0,2.0
,1.0,1.0,1.0,1.0,0.0,2.0,,1.0,0.0,1.0,1.0,0.0,0.0
,1.0,1.0,1.0,1.0,1.0,0.0,,1.0,0.0,0.0,0.0,1.0,0.0
,1.0,1.0,1.0,1.0,1.0,1.0,,1.0,0.0,1.0,0.0,0.0,0.0
,1.0,1.0,1.0,1.0,0.0,0.0,,1.0,0.0,1.0,1.0,0.0,0.0
,1.0,1.0,1.0,1.0,1.0,0.0,,1.0,0.0,1.0,0.0,0.0,0.0
,1.0,0.0,2.0,2.0,2.0,2.0,,1.0,0.0,0.0,2.0,2.0,2.0
,1.0,1.0,0.0,2.0,2.0,2.0,,1.0,0.0,0.0,0.0,2.0,2.0
,1.0,1.0,1.0,0.0,2.0,2.0,,1.0,0.0,0.0,0.0,0.0,2.0
,1.0,1.0,1.0,1.0,0.0,2.0,,1.0,0.0,0.0,1.0,0.0,0.0
,1.0,1.0,1.0,1.0,1.0,0.0,,1.0,0.0,0.0,1.0,0.0,0.0
,1.0,1.0,1.0,1.0,1.0,1.0,,1.0,0.0,1.0,1.0,0.0,1.0
,1.0,1.0,1.0,1.0,1.0,0.0,,1.0,0.0,1.0,1.0,0.0,0.0
,1.0,1.0,1.0,1.0,1.0,1.0,,1.0,0.0,1.0,1.0,0.0,0.0
,1.0,0.0,0.0,2.0,2.0,2.0,,1.0,0.0,0.0,2.0,2.0,2.0
,1.0,1.0,0.0,0.0,2.0,2.0,,1.0,0.0,0.0,0.0,2.0,2.0
,1.0,1.0,1.0,0.0,0.0,2.0,,1.0,0.0,1.0,0.0,0.0,2.0
,1.0,1.0,1.0,1.0,0.0,0.0,,1.0,1.0,0.0,0.0,0.0,0.0
,1.0,1.0,1.0,1.0,1.0,0.0,,1.0,0.0,1.0,0.0,0.0,0.0
,1.0,1.0,1.0,1.0,1.0,1.0,,1.0,1.0,0.0,0.0,0.0,0.0
,1.0,1.0,1.0,1.0,1.0,0.0,,1.0,0.0,1.0,0.0,0.0,0.0
,1.0,1.0,1.0,1.0,1.0,0.0,,1.0,1.0,1.0,1.0,0.0,0.0
,1.0,0.0,2.0,2.0,2.0,2.0,,1.0,0.0,0.0,2.0,2.0,2.0
,1.0,1.0,0.0,2.0,2.0,2.0,,1.0,0.0,0.0,0.0,2.0,2.0
,1.0,1.0,1.0,0.0,2.0,2.0,,1.0,0.0,0.0,0.0,0.0,2.0
,1.0,1.0,1.0,1.0,0.0,2.0,,1.0,0.0,0.0,0.0,0.0,0.0
,1.0,1.0,1.0,1.0,1.0,0.0,,1.0,0.0,0.0,0.0,0.0,0.0
,1.0,1.0,1.0,1.0,1.0,1.0,,1.0,0.0,0.0,0.0,0.0,0.0
,1.0,1.0,1.0,1.0,0.0,0.0,,1.0,0.0,0.0,0.0,0.0,0.0
,1.0,1.0,1.0,1.0,1.0,0.0,,1.0,0.0,0.0,0.0,0.0,0.0
,1.0,0.0,0.0,2.0,2.0,2.0,,1.0,0.0,2.0,2.0,2.0,2.0
,1.0,1.0,0.0,0.0,2.0,2.0,,1.0,0.0,0.0,2.0,2.0,2.0
,1.0,1.0,1.0,0.0,0.0,2.0,,1.0,0.0,1.0,0.0,2.0,2.0
,1.0,1.0,1.0,1.0,0.0,0.0,,1.0,0.0,0.0,1.0,0.0,2.0
,1.0,1.0,1.0,1.0,1.0,0.0,,1.0,0.0,1.0,0.0,1.0,0.0
,1.0,1.0,1.0,1.0,1.0,1.0,,1.0,1.0,0.0,1.0,0.0,1.0
,1.0,1.0,1.0,1.0,1.0,0.0,,1.0,0.0,1.0,0.0,1.0,0.0
,1.0,1.0,1.0,1.0,1.0,1.0,,1.0,1.0,1.0,1.0,0.0,0.0
,1.0,0.0,0.0,2.0,2.0,2.0,,1.0,0.0,0.0,2.0,2.0,2.0
,1.0,1.0,0.0,0.0,2.0,2.0,,1.0,0.0,0.0,0.0,2.0,2.0
,1.0,1.0,1.0,0.0,0.0,2.0,,1.0,0.0,1.0,0.0,0.0,2.0
,1.0,1.0,1.0,1.0,0.0,0.0,,1.0,0.0,1.0,1.0,0.0,0.0
,1.0,1.0,1.0,1.0,1.0,0.0,,1.0,0.0,1.0,1.0,1.0,0.0
,1.0,1.0,1.0,1.0,1.0,1.0,,1.0,0.0,1.0,1.0,1.0,1.0
,1.0,1.0,1.0,1.0,1.0,0.0,,1.0,0.0,1.0,1.0,0.0,0.0
,1.0,1.0,1.0,1.0,1.0,0.0,,1.0,0.0,1.0,1.0,0.0,0.0
,1.0,0.0,2.0,2.0,2.0,2.0,,1.0,0.0,0.0,2.0,2.0,2.0
,1.0,1.0,0.0,2.0,2.0,2.0,,1.0,0.0,0.0,0.0,2.0,2.0
,1.0,1.0,1.0,0.0,2.0,2.0,,1.0,0.0,1.0,0.0,0.0,2.0
,1.0,1.0,1.0,1.0,0.0,2.0,,1.0,0.0,1.0,1.0,0.0,0.0
,1.0,1.0,1.0,1.0,1.0,0.0,,1.0,0.0,1.0,0.0,1.0,0.0
,1.0,1.0,1.0,1.0,1.0,1.0,,1.0,0.0,1.0,1.0,0.0,1.0
,1.0,1.0,1.0,1.0,1.0,0.0,,1.0,0.0,1.0,1.0,0.0,0.0
,1.0,1.0,1.0,1.0,1.0,0.0,,1.0,0.0,1.0,1.0,0.0,0.0
,1.0,0.0,0.0,2.0,2.0,2.0,,1.0,0.0,0.0,2.0,2.0,2.0
,1.0,1.0,0.0,0.0,2.0,2.0,,1.0,0.0,0.0,0.0,2.0,2.0
,1.0,1.0,1.0,0.0,0.0,2.0,,1.0,0.0,1.0,0.0,0.0,2.0
,1.0,1.0,1.0,1.0,0.0,0.0,,1.0,0.0,1.0,1.0,0.0,0.0
,1.0,1.0,1.0,1.0,1.0,0.0,,1.0,0.0,0.0,1.0,1.0,0.0
,1.0,1.0,1.0,1.0,1.0,1.0,,1.0,0.0,1.0,0.0,0.0,0.0
,1.0,1.0,1.0,1.0,0.0,0.0,,1.0,0.0,1.0,1.0,0.0,0.0
,1.0,1.0,1.0,1.0,1.0,0.0,,1.0,0.0,0.0,1.0,0.0,0.0
,1.0,0.0,0.0,2.0,2.0,2.0,,1.0,0.0,0.0,2.0,2.0,2.0
,1.0,1.0,0.0,0.0,2.0,2.0,,1.0,0.0,0.0,0.0,2.0,2.0
,1.0,1.0,1.0,0.0,0.0,2.0,,1.0,0.0,1.0,0.0,0.0,2.0
,1.0,1.0,1.0,1.0,0.0,0.0,,1.0,0.0,1.0,1.0,0.0,0.0
,1.0,1.0,1.0,1.0,1.0,0.0,,1.0,0.0,1.0,1.0,1.0,0.0
,1.0,1.0,1.0,1.0,1.0,1.0,,1.0,0.0,1.0,0.0,1.0,1.0
,1.0,1.0,1.0,1.0,0.0,0.0,,1.0,0.0,1.0,1.0,0.0,0.0
,1.0,1.0,1.0,1.0,1.0,0.0,,1.0,0.0,1.0,0.0,0.0,0.0
,1.0,0.0,2.0,2.0,2.0,2.0,,1.0,0.0,0.0,2.0,2.0,2.0
,1.0,1.0,0.0,2.0,2.0,2.0,,1.0,0.0,0.0,0.0,2.0,2.0
,1.0,1.0,1.0,0.0,2.0,2.0,,1.0,0.0,1.0,0.0,0.0,2.0
,1.0,1.0,1.0,1.0,0.0,2.0,,1.0,0.0,1.0,1.0,0.0,0.0
,1.0,1.0,1.0,1.0,1.0,0.0,,1.0,0.0,1.0,0.0,1.0,0.0
,1.0,1.0,1.0,1.0,1.0,1.0,,1.0,0.0,1.0,0.0,0.0,0.0
,1.0,1.0,1.0,1.0,0.0,0.0,,1.0,0.0,1.0,1.0,0.0,0.0
,1.0,1.0,1.0,1.0,1.0,0.0,,1.0,0.0,1.0,0.0,0.0,0.0
,1.0,0.0,0.0,2.0,2.0,2.0,,1.0,0.0,2.0,2.0,2.0,2.0
,1.0,1.0,0.0,0.0,2.0,2.0,,1.0,0.0,0.0,2.0,2.0,2.0
,1.0,1.0,1.0,0.0,0.0,2.0,,1.0,0.0,1.0,0.0,2.0,2.0
,1.0,1.0,1.0,1.0,0.0,0.0,,1.0,0.0,0.0,1.0,0.0,2.0
,1.0,1.0,1.0,1.0,1.0,0.0,,1.0,0.0,1.0,0.0,1.0,0.0
,1.0,1.0,1.0,1.0,1.0,1.0,,1.0,0.0,0.0,1.0,0.0,1.0
,1.0,1.0,1.0,1.0,1.0,0.0,,1.0,0.0,1.0,0.0,1.0,0.0
,1.0,1.0,1.0,1.0,1.0,1.0,,1.0,0.0,1.0,1.0,0.0,0.0
,1.0,0.0,0.0,2.0,2.0,2.0,,1.0,0.0,0.0,2.0,2.0,2.0
,1.0,1.0,0.0,0.0,2.0,2.0,,1.0,0.0,0.0,0.0,2.0,2.0
,1.0,1.0,1.0,0.0,0.0,2.0,,1.0,0.0,0.0,0.0,0.0,2.0
,1.0,1.0,1.0,1.0,0.0,0.0,,1.0,0.0,0.0,0.0,0.0,0.0
,1.0,1.0,1.0,1.0,1.0,0.0,,1.0,0.0,1.0,0.0,0.0,0.0
,1.0,1.0,1.0,1.0,1.0,1.0,,1.0,0.0,0.0,0.0,0.0,0.0
,1.0,1.0,1.0,1.0,1.0,0.0,,1.0,0.0,1.0,0.0,0.0,0.0
,1.0,1.0,1.0,1.0,1.0,1.0,,1.0,0.0,0.0,0.0,0.0,0.0
,1.0,0.0,2.0,2.0,2.0,2.0,,1.0,0.0,0.0,2.0,2.0,2.0
,1.0,1.0,0.0,2.0,2.0,2.0,,1.0,0.0,0.0,0.0,2.0,2.0
,1.0,1.0,1.0,0.0,2.0,2.0,,1.0,0.0,1.0,0.0,0.0,2.0
,1.0,1.0,1.0,1.0,0.0,2.0,,1.0,0.0,1.0,1.0,0.0,0.0
,1.0,1.0,1.0,1.0,1.0,0.0,,1.0,1.0,1.0,0.0,1.0,0.0
,1.0,1.0,1.0,1.0,1.0,1.0,,1.0,0.0,1.0,1.0,0.0,1.0
,1.0,1.0,1.0,1.0,1.0,0.0,,1.0,0.0,1.0,1.0,0.0,0.0
,1.0,1.0,1.0,1.0,1.0,1.0,,1.0,1.0,1.0,1.0,0.0,0.0
,1.0,0.0,0.0,2.0,2.0,2.0,,1.0,0.0,0.0,2.0,2.0,2.0
,1.0,1.0,0.0,0.0,2.0,2.0,,1.0,0.0,0.0,0.0,2.0,2.0
,1.0,1.0,1.0,0.0,0.0,2.0,,1.0,0.0,1.0,0.0,0.0,2.0
,1.0,1.0,1.0,1.0,0.0,0.0,,1.0,0.0,1.0,1.0,0.0,0.0
,1.0,1.0,1.0,1.0,1.0,0.0,,1.0,0.0,0.0,0.0,0.0,0.0
,1.0,1.0,1.0,1.0,1.0,1.0,,1.0,0.0,1.0,0.0,0.0,0.0
,1.0,1.0,1.0,1.0,0.0,0.0,,1.0,0.0,1.0,1.0,0.0,0.0
,1.0,1.0,1.0,1.0,1.0,0.0,,1.0,0.0,0.0,0.0,0.0,0.0
,1.0,0.0,2.0,2.0,2.0,2.0,,1.0,0.0,0.0,2.0,2.0,2.0
,1.0,1.0,0.0,2.0,2.0,2.0,,1.0,0.0,0.0,0.0,2.0,2.0
,1.0,1.0,1.0,0.0,2.0,2.0,,1.0,0.0,1.0,0.0,0.0,2.0
,1.0,1.0,1.0,1.0,0.0,2.0,,1.0,0.0,1.0,1.0,0.0,0.0
,1.0,1.0,1.0,1.0,1.0,0.0,,1.0,0.0,1.0,1.0,1.0,0.0
,1.0,1.0,1.0,1.0,1.0,1.0,,1.0,0.0,1.0,1.0,0.0,1.0
,1.0,1.0,1.0,1.0,1.0,1.0,,1.0,0.0,1.0,1.0,0.0,0.0
,1.0,1.0,1.0,1.0,1.0,1.0,,1.0,1.0,1.0,1.0,0.0,0.0
,1.0,0.0,0.0,2.0,2.0,2.0,,1.0,0.0,0.0,2.0,2.0,2.0
,1.0,1.0,0.0,0.0,2.0,2.0,,1.0,0.0,0.0,0.0,2.0,2.0
,1.0,1.0,1.0,0.0,0.0,2.0,,1.0,0.0,1.0,0.0,0.0,2.0
,1.0,1.0,1.0,1.0,0.0,0.0,,1.0,1.0,0.0,0.0,0.0,0.0
,1.0,1.0,1.0,1.0,1.0,0.0,,1.0,0.0,1.0,0.0,0.0,0.0
,1.0,1.0,1.0,1.0,1.0,1.0,,1.0,1.0,1.0,1.0,0.0,1.0
,1.0,1.0,1.0,1.0,1.0,0.0,,1.0,1.0,1.0,1.0,1.0,0.0
,1.0,1.0,1.0,1.0,1.0,0.0,,1.0,1.0,1.0,1.0,0.0,0.0
,1.0,0.0,2.0,2.0,2.0,2.0,,1.0,0.0,0.0,2.0,2.0,2.0
,1.0,1.0,0.0,2.0,2.0,2.0,,1.0,0.0,0.0,0.0,2.0,2.0
,1.0,1.0,1.0,0.0,2.0,2.0,,1.0,0.0,1.0,0.0,0.0,2.0
,1.0,1.0,1.0,1.0,0.0,2.0,,1.0,0.0,1.0,1.0,0.0,0.0
,1.0,1.0,1.0,1.0,1.0,0.0,,1.0,0.0,1.0,1.0,1.0,0.0
,1.0,1.0,1.0,1.0,1.0,1.0,,1.0,0.0,1.0,1.0,0.0,1.0
,1.0,1.0,1.0,1.0,1.0,0.0,,1.0,0.0,1.0,1.0,0.0,0.0
,1.0,1.0,1.0,1.0,1.0,1.0,,1.0,0.0,1.0,1.0,0.0,0.0
,1.0,0.0,0.0,2.0,2.0,2.0,,1.0,0.0,0.0,2.0,2.0,2.0
,1.0,1.0,0.0,0.0,2.0,2.0,,1.0,0.0,0.0,0.0,2.0,2.0
,1.0,1.0,1.0,0.0,0.0,2.0,,1.0,0.0,1.0,0.0,0.0,2.0
,1.0,1.0,1.0,1.0,0.0,0.0,,1.0,0.0,1.0,1.0,0.0,0.0
,1.0,1.0,1.0,1.0,1.0,0.0,,1.0,1.0,0.0,1.0,1.0,0.0
,1.0,1.0,1.0,1.0,1.0,1.0,,1.0,0.0,1.0,0.0,1.0,1.0
,1.0,1.0,1.0,1.0,0.0,0.0,,1.0,0.0,1.0,1.0,0.0,0.0
,1.0,1.0,1.0,1.0,1.0,0.0,,1.0,0.0,1.0,1.0,0.0,0.0
,1.0,0.0,2.0,2.0,2.0,2.0,,1.0,0.0,0.0,2.0,2.0,2.0
,1.0,1.0,0.0,2.0,2.0,2.0,,1.0,0.0,0.0,0.0,2.0,2.0
,1.0,1.0,1.0,0.0,2.0,2.0,,1.0,0.0,1.0,0.0,0.0,2.0
,1.0,1.0,1.0,1.0,0.0,2.0,,1.0,0.0,1.0,1.0,0.0,0.0
,1.0,1.0,1.0,1.0,1.0,0.0,,1.0,1.0,1.0,0.0,1.0,0.0
,1.0,1.0,1.0,1.0,1.0,1.0,,1.0,0.0,1.0,1.0,0.0,1.0
,1.0,1.0,1.0,1.0,1.0,0.0,,1.0,0.0,1.0,1.0,0.0,0.0
,1.0,1.0,1.0,1.0,1.0,1.0,,1.0,1.0,1.0,1.0,0.0,0.0
,1.0,0.0,0.0,2.0,2.0,2.0,,1.0,0.0,0.0,2.0,2.0,2.0
,1.0,1.0,0.0,0.0,2.0,2.0,,1.0,0.0,0.0,0.0,2.0,2.0
,1.0,1.0,1.0,0.0,0.0,2.0,,1.0,0.0,1.0,0.0,0.0,2.0
,1.0,1.0,1.0,1.0,0.0,0.0,,1.0,0.0,1.0,1.0,0.0,0.0
,1.0,1.0,1.0,1.0,1.0,0.0,,1.0,0.0,0.0,1.0,1.0,0.0
,1.0,1.0,1.0,1.0,1.0,1.0,,1.0,0.0,1.0,0.0,1.0,1.0
,1.0,1.0,1.0,1.0,0.0,0.0,,1.0,0.0,1.0,1.0,0.0,0.0
,1.0,1.0,1.0,1.0,1.0,0.0,,1.0,0.0,1.0,1.0,0.0,0.0
,1.0,0.0,2.0,2.0,2.0,2.0,,1.0,0.0,0.0,2.0,2.0,2.0
,1.0,1.0,0.0,2.0,2.0,2.0,,1.0,0.0,0.0,0.0,2.0,2.0
,1.0,1.0,1.0,0.0,2.0,2.0,,1.0,0.0,0.0,0.0,0.0,2.0
,1.0,1.0,1.0,1.0,0.0,2.0,,1.0,1.0,0.0,0.0,0.0,0.0
,1.0,1.0,1.0,1.0,1.0,0.0,,1.0,0.0,1.0,0.0,0.0,0.0
,1.0,1.0,1.0,1.0,1.0,1.0,,1.0,1.0,0.0,0.0,0.0,0.0
,1.0,1.0,1.0,1.0,1.0,0.0,,1.0,0.0,1.0,0.0,0.0,0.0
,1.0,1.0,1.0,1.0,1.0,0.0,,1.0,1.0,0.0,0.0,0.0,0.0
,1.0,0.0,2.0,2.0,2.0,2.0,,1.0,0.0,0.0,2.0,2.0,2.0
,1.0,1.0,0.0,2.0,2.0,2.0,,1.0,0.0,0.0,0.0,2.0,2.0
,1.0,1.0,1.0,0.0,2.0,2.0,,1.0,0.0,0.0,0.0,0.0,2.0
,1.0,1.0,1.0,1.0,0.0,2.0,,1.0,0.0,0.0,1.0,0.0,0.0
,1.0,1.0,1.0,1.0,1.0,0.0,,1.0,0.0,0.0,0.0,0.0,0.0
,1.0,1.0,1.0,1.0,1.0,1.0,,1.0,0.0,1.0,0.0,0.0,0.0
,1.0,1.0,1.0,1.0,1.0,0.0,,1.0,0.0,1.0,1.0,0.0,0.0
,1.0,1.0,1.0,1.0,1.0,1.0,,1.0,1.0,0.0,0.0,0.0,0.0
,1.0,0.0,2.0,2.0,2.0,2.0,,1.0,0.0,0.0,2.0,2.0,2.0
,1.0,1.0,0.0,2.0,2.0,2.0,,1.0,0.0,0.0,0.0,2.0,2.0
,1.0,1.0,1.0,0.0,2.0,2.0,,1.0,0.0,0.0,0.0,0.0,2.0
,1.0,1.0,1.0,1.0,0.0,2.0,,1.0,0.0,0.0,1.0,0.0,0.0
,1.0,1.0,1.0,1.0,1.0,0.0,,1.0,0.0,0.0,0.0,0.0,0.0
,1.0,1.0,1.0,1.0,1.0,1.0,,1.0,0.0,0.0,0.0,0.0,0.0
,1.0,1.0,1.0,1.0,0.0,0.0,,1.0,0.0,0.0,1.0,0.0,0.0
,1.0,1.0,1.0,1.0,1.0,0.0,,1.0,1.0,0.0,0.0,0.0,0.0
,1.0,0.0,0.0,2.0,2.0,2.0,,1.0,0.0,0.0,2.0,2.0,2.0
,1.0,1.0,0.0,0.0,2.0,2.0,,1.0,0.0,0.0,0.0,2.0,2.0
,1.0,1.0,1.0,0.0,0.0,2.0,,1.0,0.0,1.0,0.0,0.0,2.0
,1.0,1.0,1.0,1.0,0.0,0.0,,1.0,1.0,0.0,1.0,0.0,0.0
,1.0,1.0,1.0,1.0,1.0,0.0,,1.0,0.0,1.0,0.0,0.0,0.0
,1.0,1.0,1.0,1.0,1.0,1.0,,1.0,1.0,1.0,1.0,0.0,1.0
,1.0,1.0,1.0,1.0,1.0,0.0,,1.0,0.0,1.0,1.0,1.0,0.0
,1.0,1.0,1.0,1.0,1.0,0.0,,1.0,1.0,1.0,1.0,0.0,0.0
,1.0,0.0,2.0,2.0,2.0,2.0,,1.0,0.0,0.0,2.0,2.0,2.0
,1.0,1.0,0.0,2.0,2.0,2.0,,1.0,0.0,0.0,0.0,2.0,2.0
,1.0,1.0,1.0,0.0,2.0,2.0,,1.0,0.0,1.0,0.0,0.0,2.0
,1.0,1.0,1.0,1.0,0.0,2.0,,1.0,0.0,1.0,1.0,0.0,0.0
,1.0,1.0,1.0,1.0,1.0,0.0,,1.0,1.0,0.0,0.0,1.0,0.0
,1.0,1.0,1.0,1.0,1.0,1.0,,1.0,0.0,1.0,0.0,0.0,0.0
,1.0,1.0,1.0,1.0,0.0,0.0,,1.0,0.0,1.0,1.0,0.0,0.0
,1.0,1.0,1.0,1.0,1.0,0.0,,1.0,1.0,0.0,0.0,0.0,0.0
,1.0,0.0,0.0,2.0,2.0,2.0,,1.0,0.0,0.0,2.0,2.0,2.0
,1.0,1.0,0.0,0.0,2.0,2.0,,1.0,0.0,0.0,0.0,2.0,2.0
,1.0,1.0,1.0,0.0,0.0,2.0,,1.0,0.0,1.0,0.0,0.0,2.0
,1.0,1.0,1.0,1.0,0.0,0.0,,1.0,1.0,0.0,1.0,0.0,0.0
,1.0,1.0,1.0,1.0,1.0,0.0,,1.0,0.0,1.0,0.0,1.0,0.0
,1.0,1.0,1.0,1.0,1.0,1.0,,1.0,1.0,0.0,1.0,0.0,1.0
,1.0,1.0,1.0,1.0,1.0,0.0,,1.0,0.0,1.0,0.0,1.0,0.0
,1.0,1.0,1.0,1.0,1.0,0.0,,1.0,1.0,1.0,1.0,0.0,0.0
